{"multi_add_flops_billion": 549.3733587888125, "num_trainable_params_million": 132.979855}