{"multi_add_flops_billion": 549.4897866545, "num_trainable_params_million": 132.979855}